name,location
Ferguson-Peterson,"06303 Rebecca Corner Suite 227
Kathrynhaven, KS 74992"
"Horton, Williamson and Johnson","0073 Hernandez Locks
Gonzalezville, OK 51956"
Hancock-Owens,"86492 Browning Forest Apt. 012
South Erinshire, NY 87503"
Warner-Zimmerman,"7623 Berg Ford Suite 211
South Michaelshire, GA 42106"
"Garcia, Barr and Dixon","47838 Williams Courts
Sandraborough, ME 27746"
Bradley-Barnes,"66411 Taylor Islands Apt. 228
East Ronald, MO 78961"
Cruz-Blair,"325 Hall Highway Suite 988
Port Cherylchester, OH 46616"
Smith-Williams,"51877 Joseph Course Suite 153
Freemanville, VA 65625"
"Simmons, Kennedy and Johnson","9099 Kayla Unions
Port Katherinetown, DC 15824"
"Jenkins, Trujillo and Lewis","71451 Laura Highway Apt. 647
West Charles, CO 57316"
Allen Inc,"USNS Pacheco
FPO AE 06527"
"Delgado, Jones and Guzman","1594 Sandy Corners Suite 362
Port Adriana, WI 42568"
Fry-Allen,"839 James Drive
Michaelberg, NY 25032"
Bennett Group,"970 Bruce Fort Apt. 827
Robinsonville, OK 09071"
"Nguyen, Wise and Morgan","PSC 2202, Box 1621
APO AE 01522"
Cameron Ltd,"3663 Lorraine Mountains
New Annetteland, NV 71594"
Valentine Inc,"1986 Morris Freeway
Port Shelly, AS 84477"
"Mcmillan, Brown and Moore","044 Peter Prairie
Port Crystal, WY 82559"
"Williams, Dickerson and Mendoza","2897 Erin Course Suite 131
West Vincent, MA 18293"
"Brooks, Reyes and Fuentes","PSC 3335, Box 9339
APO AE 55616"
Taylor Inc,"776 Lori Station Apt. 662
Shelbytown, ID 40218"
"Barker, Mcfarland and Moore","3485 Saunders Highway
New David, MP 47986"
Lopez Inc,"91995 Rebecca Shore
Port Robert, DE 94635"
"West, Lawson and Braun","6983 West Club Apt. 232
West Brandontown, NY 30095"
Schultz-Browning,"127 Cynthia Camp
Lake Michaelland, NE 47629"
Young-King,"62107 Mitchell Islands
South Lisa, WY 55375"
Perez-Miller,"PSC 4414, Box 8091
APO AA 25649"
Hubbard-Webb,"2860 Smith Mall
Ochoaview, NC 86866"
"Turner, Perry and Adams","USCGC Shaw
FPO AP 39091"
Blake-Flores,"96118 Hernandez Rue Apt. 869
Lake Dylanbury, VI 93129"
Carter and Sons,"070 Evans Shore
Port Ronaldfurt, SC 78816"
Hess Group,"5638 Perry Crest Suite 952
Port Anne, PA 51700"
"George, Kim and Harrington","7126 Kenneth Lights Apt. 072
West Karen, WV 45050"
Smith LLC,"599 Savannah Green
Rachelland, CO 34259"
Thompson-Bennett,"1559 Ronnie Plains Apt. 492
Port Johnfort, NM 92064"
"Rodriguez, Bradley and Allen","52970 Melissa Radial
Port Lawrenceland, NC 45219"
"Johnston, Carney and Reynolds","24869 Aguirre Shores
North Marioview, VT 96668"
Bryant PLC,"774 Samuel Extension
Laneville, MI 94354"
Garza Ltd,"271 Washington Hills
Shannonborough, PW 61878"
Fernandez-Brooks,"10548 Bass Centers Suite 882
South Michaelmouth, AR 48490"
Waters-Hernandez,"8929 Amanda Ford
South Ryanview, HI 47944"
Pacheco-Wright,"561 Austin Union
Lake Denise, AL 85260"
"Collins, Spencer and Sanders","4233 Molina Hills Apt. 559
New Robert, WA 90975"
Reed Group,"884 Anna Hills
Thomasfort, AR 96428"
"Torres, Lee and Espinoza","96115 Dean Point
West Nicholas, MH 41881"
"Frazier, Sweeney and Malone","1332 Mary Run Suite 909
Davidchester, DC 93534"
Richard Inc,"59120 Lopez Rest Apt. 322
Melissaland, VA 97199"
"Marquez, Ingram and Beasley","USNV Blackburn
FPO AA 04307"
"Smith, Phillips and Evans","377 Davenport Drives
New Heatherland, AZ 34171"
"Padilla, Clayton and Phillips","7747 Jay Wall
New Doriston, ID 95185"
