name,email,phone_number,country,city,postal_code
Shelley Charles,lindseyboyd@example.com,813-447-8032,Burkina Faso,Davidhaven,89552
Pamela Salas,charlenemorgan@example.org,235-260-6645,Italy,West Bobby,72891
Brittany Horn,etaylor@example.net,462-351-9018,Greenland,West Jasmineland,06986
Mike Johnson,masonlauren@example.net,653-649-9878,Romania,Lake Dawntown,12892
Karen Padilla,qrose@example.org,(890)218-414,Jersey,East Michaelborough,04178
Joseph Bridges,victor89@example.net,841.515.2034,Korea,Nguyenfurt,21793
Willie Larson,llopez@example.net,(887)582-271,India,Sanchezhaven,05181
Deanna Adams,heidigonzales@example.net,+1-646-903-1,Colombia,South Kimberlyborough,11885
Yesenia Harris,mary86@example.org,548-766-0930,Ghana,Elliottbury,92487
Clinton Nelson,wardangela@example.com,815.415.1637,Luxembourg,New Christopher,60615
Anna Roberts,thomasdavid@example.org,217.682.4434,Honduras,Adamsview,51012
Andrew Gonzalez,sarah03@example.com,499.709.1831,Mexico,Johnnyview,66636
Tiffany Bolton,monteswalter@example.com,808.501.9261,Chile,West Matthewmouth,94796
Jonathan Hampton,robert17@example.com,(564)490-645,Denmark,Williamsmouth,17377
Shelly Casey,johnnysullivan@example.org,001-327-932-,Sao Tome and Principe,East Mark,22286
Gavin Parker,rturner@example.org,(771)897-160,United States Virgin Islands,Lake Edward,58998
Lydia Durham,amanda13@example.com,674-292-7995,Guyana,Jasminestad,51272
Gabrielle Watts,francoalexandria@example.com,581.684.9063,Brunei Darussalam,Heathton,11498
Teresa Dougherty,scotthatfield@example.com,001-248-417-,Cape Verde,Garyland,95735
Courtney Park,lopezkatelyn@example.org,(352)219-325,Czech Republic,Monicaview,28623
Sara Casey,becky99@example.org,(961)991-965,Bosnia and Herzegovina,Matthewhaven,28644
Andrea Friedman,lisagutierrez@example.com,(974)301-867,American Samoa,Wrightland,97147
Catherine Thomas,qblake@example.com,214-977-1571,Dominican Republic,Jacquelineborough,91189
Julie Torres,ffitzpatrick@example.net,001-938-651-,Saint Martin,Arthurfort,26093
Andrea Vazquez,brian13@example.com,001-719-842-,Serbia,Beverlyville,70682
Diane Simpson,tmiller@example.net,001-986-477-,Korea,Derektown,96859
Alyssa Wilson,drakedaniel@example.org,+1-847-576-0,Finland,Jeanetteberg,17662
Miranda Allen,brian41@example.org,732-262-5151,French Guiana,Smithberg,41939
Mr. William Collins,samuel15@example.com,705.707.8546,South Africa,Andrewtown,89560
Jacqueline Richards,zwilliams@example.com,+1-701-337-3,Tanzania,New Gregoryland,46215
Andrea Fry,christine02@example.org,001-678-867-,Sudan,Annachester,95481
Patrick Burns,tmiles@example.com,268-226-4252,Mozambique,Krystaltown,69889
Chelsea Franklin,icarter@example.net,952.343.7155,Micronesia,New Johnville,65908
Samuel Ray,jonesmichael@example.org,338.787.5487,Tokelau,Bishoptown,63641
Amanda Livingston,misty82@example.com,001-775-559-,Venezuela,Christinaview,47124
Kristi Ho,vjohnson@example.com,643-762-5837,Mongolia,North Heathershire,57004
Dawn Scott,michelle09@example.com,+1-372-408-1,Kiribati,Michaelland,78813
Shannon Greene,sfriedman@example.org,+1-853-429-9,Lesotho,Port Stephaniemouth,34903
Brent Ramirez,michael88@example.net,(501)691-882,Denmark,Port Pamela,07927
Adam Smith,ryan01@example.org,551.645.9521,Nicaragua,New Robert,90590
Scott Price,bcox@example.org,601-967-6650,Western Sahara,Port Billy,71874
Dawn Kaiser,lbrock@example.net,870-903-9313,Antarctica (the territory South of 60 deg S),Barbaraville,34934
Ashley Griffin,tyler91@example.com,334.886.0155,Guatemala,Vargastown,11092
Stephanie Levine,debrapeterson@example.org,5786404422,Belgium,North Kelly,38555
Patrick Moore,steven89@example.org,(916)760-630,Kazakhstan,Christopherview,38498
Beverly Banks,kristywilliams@example.com,001-345-428-,Montenegro,New Rebecca,28587
Holly Espinoza,kelseyadams@example.net,474-677-2984,Malta,Calvinstad,73745
Mrs. Daisy Rivers,vperez@example.org,+1-592-619-9,Libyan Arab Jamahiriya,Harrisland,96300
Wanda Murray,caleb09@example.net,720-271-4438,Burkina Faso,Shafferland,08119
Kelly Fernandez,kevin66@example.net,278-570-7171,Burundi,Miguelfurt,31033
Joshua Haynes,christopherkelley@example.org,587.658.4794,Morocco,Marytown,87998
Alexis Tanner,andrea83@example.org,+1-218-203-8,Tuvalu,Hopkinstown,03954
Kimberly Thomas,englishbradley@example.org,001-466-790-,Argentina,Clarkbury,82877
Christopher Richardson,muellersusan@example.net,001-463-427-,Niue,Lake Rodneyberg,39543
Nathan Paul,ajones@example.net,920.529.1175,Poland,Mcfarlandview,73597
Laurie Moore,kevans@example.com,5272521719,Greenland,Estradaburgh,07814
Emily Bradley,mark65@example.net,858-920-9715,Reunion,New Robin,71417
Ashley Wong,browndonna@example.org,474-514-9081,Gibraltar,North Kristin,78226
Mark Tyler III,leebianca@example.org,268.227.4097,Greece,North Michaelshire,60127
Tony Robinson,greenkyle@example.com,829.403.8407,Saint Pierre and Miquelon,Lake William,49886
Mark Chambers,randall09@example.org,598-285-1504,Cuba,New Harold,86333
Michelle Adams,michaelbutler@example.net,5689436257,Benin,Davidberg,96484
Richard Brown,klopez@example.net,370.555.0428,Iraq,Cookburgh,76214
John Daugherty,stephanie40@example.com,6648151357,Slovakia (Slovak Republic),New Jaime,74862
Michael Schmidt,vstewart@example.org,856-708-9171,Antigua and Barbuda,Lake Stephanie,57334
Alexander Clark,jeremy50@example.org,001-418-638-,Puerto Rico,North Amandachester,31701
Alexandra Kelly,tinasmith@example.org,433.683.2565,Canada,Roberttown,35343
Samantha Wheeler,brownlaura@example.org,488-418-5226,Turks and Caicos Islands,Justinhaven,51778
Michael Jacobs,austin85@example.com,+1-908-710-0,Namibia,Fordside,93075
Nathan Kelley,richardfisher@example.com,5103534961,Maldives,North Henrytown,46918
Jennifer Nichols,aphelps@example.net,001-635-734-,Kiribati,Port Terryfurt,22620
Jessica Hoffman,wfranco@example.org,937.900.1197,Jersey,Goodwinberg,08616
Marvin Salinas,edwarddavis@example.com,+1-999-814-0,Uzbekistan,West Cesar,79000
Shannon Jackson,jonathanbarnett@example.com,+1-479-858-7,Falkland Islands (Malvinas),West Mike,59974
Kenneth Lane,victorrocha@example.com,(873)343-700,Holy See (Vatican City State),Lake Matthew,91480
Erin Forbes,yguerrero@example.org,979.684.1766,Morocco,Brittanyport,52569
Timothy Beck,lisanelson@example.net,+1-911-800-6,Guinea,Port Andrea,76729
Austin Tucker,richardsoncassandra@example.org,978.909.6747,Bahrain,East Deniseville,50228
James Morgan,iwilliams@example.com,(881)506-422,Bosnia and Herzegovina,Lake Sarah,51820
Jacob Richardson,jenniferwilliams@example.net,757.618.5392,Cote d'Ivoire,Daymouth,91501
Robin Jacobson,idouglas@example.net,9464824083,Gibraltar,Johnfort,66839
Christopher Lara,michaelbird@example.net,001-725-286-,Vietnam,New Tonyaview,31919
Jacqueline Avila,brittanyzuniga@example.org,653-921-5325,Romania,Scotthaven,79409
Michael Jones,kevin32@example.org,483-489-3548,Liberia,Lake Douglas,39388
Susan Drake,deborah17@example.org,+1-928-551-3,Romania,Doylefort,64425
Gabriel Edwards,amber73@example.com,001-629-712-,Qatar,Lake David,67753
Gary Munoz,zrussell@example.com,2903939588,Indonesia,Cervantesberg,60164
David Sanchez,jerrykennedy@example.net,6433763988,Marshall Islands,Rogersfort,50323
Cassandra Hutchinson,amyevans@example.net,001-214-778-,Timor-Leste,Joneshaven,35509
Stanley Frederick,joshuamunoz@example.org,+1-968-641-3,Saint Vincent and the Grenadines,Joneston,99597
Brian Morgan,elizabethfields@example.net,+1-588-815-2,Russian Federation,South Christopherburgh,13250
Nichole Williams,kingrebecca@example.org,752.532.3205,Montserrat,Mortontown,52983
Charles Howe,ejohnson@example.net,(280)532-118,Norfolk Island,Jonathanland,18344
Bill Moss,brandi43@example.org,(599)596-776,Equatorial Guinea,West Peterside,53969
Deanna Clark,sarahchristensen@example.com,+1-482-447-9,Yemen,Dianafort,17433
Danny Dean,wesley94@example.net,429-329-9054,Holy See (Vatican City State),New Vanessa,34613
Carol Miller,danielbyrd@example.net,(999)560-825,British Indian Ocean Territory (Chagos Archipelago),Port Jasmine,61584
Kathy Travis,middletonjeremy@example.com,768.955.5055,Austria,North Robertton,75722
Matthew Meyer,katherinegutierrez@example.com,(610)314-037,New Zealand,Port Derrick,39774
Douglas Russell,david18@example.com,554.557.2916,Slovenia,West Matthewborough,14086
Jordan Mitchell,kaitlinellis@example.org,203-570-9995,Sri Lanka,Jenniferchester,11782
Peter Shah,jacksonamanda@example.net,001-643-805-,Yemen,South Tracy,78038
Shane Hall,vvasquez@example.org,+1-326-623-9,Mauritius,South Coleborough,36997
Debra Valdez,awheeler@example.net,+1-232-633-2,Tuvalu,Clarkstad,39721
David Turner,pricethomas@example.net,001-951-229-,Sri Lanka,North Rebeccaport,89984
Scott Weber,jwilliamson@example.com,+1-835-433-1,Bulgaria,Lake Sarahchester,05766
Benjamin Perez,millerbrian@example.net,+1-318-722-3,United Kingdom,Lake Melindastad,45136
William Nelson,christina63@example.net,967.398.2612,Uzbekistan,North Phillipburgh,35393
Michael Leon,joshuagarza@example.com,+1-441-602-0,Israel,New Laura,26009
Latoya Taylor,bellmichele@example.net,352.680.8279,Guadeloupe,Connorfort,83760
Heather Clarke,edward03@example.org,9222097455,Mali,Stephanieberg,20007
Zachary Lewis,tammyjames@example.org,491-449-4239,Guadeloupe,Aaronhaven,11000
Amanda Henderson,davisdaniel@example.net,001-902-237-,United States Virgin Islands,Port Michael,76440
Richard Holmes II,soneal@example.org,+1-666-787-5,Israel,Danielmouth,35124
Aaron Golden,wilsonjason@example.com,+1-675-345-6,Tunisia,Hernandezborough,84948
Erin Young,gwilkins@example.com,9227689033,New Zealand,Johnsonport,01948
Brady Perry,reyeskathy@example.org,+1-271-228-3,Azerbaijan,Westland,31613
Jeremy Rogers,lynchcameron@example.net,243.641.3475,Mongolia,Schultzland,08502
Aaron Wolfe,stephen26@example.com,001-863-301-,Faroe Islands,North Tonitown,69392
Carol Miller,kathryn22@example.net,(547)983-331,Azerbaijan,Cherylhaven,81652
Jessica Webb,jaybrown@example.com,(416)897-522,Costa Rica,West Krystal,48340
Christopher Peterson IV,jacobmeyer@example.org,6258326454,Latvia,Mariaville,85282
Brendan Hall,claytontorres@example.com,(974)280-349,Antarctica (the territory South of 60 deg S),Jesusborough,68534
Mark Grimes,krystal07@example.net,(758)935-842,Bouvet Island (Bouvetoya),Phammouth,38456
Manuel Hayes,milleranthony@example.com,305.347.0140,Dominica,Jacksonborough,08428
Tamara Mills,lisascott@example.net,226.287.9784,Papua New Guinea,Lake Veronicamouth,17315
Andrew Brown,wilsonjonathan@example.com,855-721-4875,Portugal,New John,07465
Carol Becker,sescobar@example.net,576-525-6114,Fiji,South Cassandrachester,32709
Dakota Rose,lindaallen@example.net,+1-606-573-3,Oman,Williamsfort,85441
Jill Vincent,ekennedy@example.com,987-288-3370,Fiji,Campbelltown,51191
Michael Harmon,zalexander@example.com,782-545-9268,Sweden,Jaredmouth,15163
Mary Collins,yvonne05@example.com,(460)479-688,Bolivia,Benjaminburgh,94005
Ashlee Townsend,heather26@example.com,829.767.5770,Wallis and Futuna,East Crystal,26523
Alexis Terry,zachary22@example.com,+1-724-818-1,New Caledonia,Harrisburgh,56286
Keith Gilbert,cgonzalez@example.com,4255195958,Singapore,Danielhaven,48530
Philip Morris,aarontaylor@example.org,600.654.6762,Singapore,Lake Katherineside,94144
Sara Garrett,aarontownsend@example.org,001-713-425-,Tonga,Heatherfurt,45638
Jessica Booker,daisy94@example.org,001-808-996-,Isle of Man,Andrewport,73619
Michael Fleming,john50@example.com,+1-732-291-9,South Georgia and the South Sandwich Islands,Lake Timothy,66642
Daniel Harris,peggyunderwood@example.net,5107721605,Slovenia,Woodsland,20575
Amy Daniels,brittanygonzales@example.com,481.773.9660,Croatia,Kingfort,15722
Julie Lopez,donaldmitchell@example.net,683.229.7979,Equatorial Guinea,Lake Richardfurt,03694
Jordan Russell,wellshenry@example.com,696.384.3440,Canada,North Cherylville,44340
Sara Smith,huangcarolyn@example.org,254-638-8115,Iceland,Debrashire,60483
Katherine Campbell,vargasarthur@example.net,587-696-3228,Korea,Port Anthonytown,00589
Chad Baxter,bsullivan@example.net,924.640.8627,Japan,West Danielbury,21198
Heidi Smith,dyerronald@example.com,466-261-7993,Morocco,Keithside,92268
Alexa Daniel,pearsonsydney@example.net,(425)463-766,Korea,Vincentburgh,78048
Monica Foster,goliver@example.net,(742)891-305,Cuba,New Andrea,24363
Logan Duran,dennis28@example.org,(898)921-354,Wallis and Futuna,Catherinestad,81889
Thomas Bell,kevin57@example.org,(494)227-483,Bulgaria,Moralesbury,70266
Jeffrey Pierce,hannah67@example.net,(989)328-689,American Samoa,Smithchester,98994
Justin Stewart,kimberlygolden@example.com,+1-951-375-5,Somalia,North Jonathantown,00919
Kyle Wright,toddlynch@example.org,660.553.7310,Poland,South Michaelport,34171
Catherine Mills,tmullins@example.com,416-447-9286,British Virgin Islands,South Keithbury,54421
Julia Lang,rjohnson@example.net,3717183894,Benin,Samanthafort,93696
Christopher Brooks,hayesmary@example.net,549-800-9688,Cayman Islands,Johnsonmouth,90216
James West,rcastro@example.com,(494)933-413,North Macedonia,East Shannonland,73568
Dr. Regina Archer,sara05@example.org,941.409.0673,Benin,Chenland,40717
Michael Giles,andrewhorton@example.org,001-920-624-,Holy See (Vatican City State),West Chris,61922
Colleen Miller,melissa45@example.net,(876)445-176,Aruba,Jacksonstad,38039
Michael Huber,matthew08@example.org,553.829.9840,French Guiana,Dominguezburgh,29444
Robert Miller,fnash@example.com,762.833.1153,Guyana,Stephaniemouth,66223
Susan Nunez,leekristin@example.org,(339)865-014,Hungary,South Matthew,78365
Jeremy King,gward@example.net,762.204.2481,India,Saundershaven,14988
Jesse Jones,lauraking@example.net,+1-702-696-0,Malta,Lake Shawnfort,43124
Patty Rice,bowersdavid@example.com,337-445-0131,Grenada,Bennettmouth,05329
Thomas Martin,monica05@example.com,720-949-8699,Dominica,Danielleport,86387
Ashley Baker,shannon25@example.com,490.963.6595,Trinidad and Tobago,West Kelseyland,16558
Andrew Hooper,kenneth78@example.net,(626)238-871,Palau,Daniellemouth,48504
Daniel Roberts,amysnyder@example.com,(798)577-331,Italy,Laurenport,50035
Rebecca Tran,brendarivas@example.net,001-380-885-,Libyan Arab Jamahiriya,South Beverly,48155
Katherine Vasquez,gschwartz@example.net,968-761-9180,Bouvet Island (Bouvetoya),Ramirezberg,36685
Ronald Barnes,howardjason@example.net,(576)459-136,Kuwait,Lake Christopherborough,50338
Tracy Burns,david36@example.net,232-965-2226,Namibia,Raymondshire,55266
Anita Jackson,smithderrick@example.com,(567)302-339,Jersey,South Michealchester,98476
Sarah Wilson,rwhite@example.org,001-813-888-,Honduras,Ewingfurt,45256
Anne Green,ryanchandler@example.org,841.379.6082,Azerbaijan,Christopherburgh,22975
Steven Marshall,christinagordon@example.org,+1-683-253-6,Liberia,Mcdanielchester,18244
Nicole Burnett,morrowmark@example.com,865.236.7396,Guernsey,East Emily,52441
Terri Vazquez,sandovalashley@example.org,788.832.2456,Antigua and Barbuda,Richardport,65634
Elizabeth Russo,mitchellcorey@example.org,381-961-9347,Guyana,East Michaelborough,59912
Michael Dawson,halvarado@example.net,(459)821-647,Guernsey,East Christophermouth,30242
Brooke Hernandez,michellebradley@example.net,261.237.5254,Czech Republic,Graybury,24810
Michael Maynard,wwebb@example.net,(298)556-955,Cyprus,Clarkmouth,38511
Heidi Hernandez,anthonyhale@example.net,+1-999-383-3,Grenada,Marshtown,07295
Cindy Brown,ebrown@example.net,(838)850-471,Panama,East Justinville,11668
Paul Smith,ivincent@example.org,001-631-728-,New Zealand,Leahmouth,54256
James Walker,clarkestephanie@example.com,485.263.8176,Tanzania,Daleshire,13273
Brandi Smith,quinnbeth@example.net,(287)501-876,Korea,Garciafurt,29162
Jason Smith,cbrown@example.net,+1-289-564-9,Guatemala,New Tracy,69074
David Hensley,iburns@example.org,289-938-3129,Botswana,Walkerton,05823
Hayley Green,james68@example.org,001-677-593-,Cameroon,Nicholasville,18916
Justin Walker,jasonhuang@example.org,403-221-2214,Burundi,Valenzuelaburgh,56056
Virginia Jones,bsmith@example.com,740-656-8432,Venezuela,Keyburgh,69149
Edward Williams,mirandaalexis@example.org,593.425.0613,Antarctica (the territory South of 60 deg S),Port Brenda,94996
Elizabeth Chapman,erica60@example.org,(299)834-109,Christmas Island,Andrewburgh,70847
Bob Harris,richardchen@example.org,2562804769,Mozambique,Goodwinside,93126
Nicole Brown,barrywilliams@example.net,+1-218-976-2,Norfolk Island,Jefferyfort,27982
Dawn Wright,goodmandaniel@example.com,+1-717-928-9,Cote d'Ivoire,Youngfort,60336
Alejandra Johnson,autumngross@example.net,+1-205-221-0,Turks and Caicos Islands,East Christine,40536
Amy Lewis,sandra67@example.net,+1-517-232-1,Cape Verde,South Jeremyburgh,49058
Julia Dudley,schultzkyle@example.com,913-311-9595,Netherlands,Traceyfort,04727
Crystal Gonzalez,monica72@example.org,+1-936-341-7,Sweden,East Andrew,03374
Nathan Long,shaffermelissa@example.net,9952264583,American Samoa,Lake Catherine,03579
Paul Owens,ikaufman@example.com,(285)363-605,Morocco,Port David,81730
Casey Valencia,ewilliams@example.com,513-906-5633,Bahamas,Port Alejandrochester,86600
James Berger,jenniferking@example.com,+1-335-368-2,Austria,Port Anthony,51831
Donna Franklin,kmorales@example.com,(525)846-083,Ghana,Brownport,54389
Tyler Robbins,hvelez@example.com,(625)982-585,Micronesia,Patriciaburgh,22562
Gregory Leonard,tgarcia@example.org,001-808-957-,Puerto Rico,Benjaminview,84779
James Chapman,jamesmadison@example.com,872-286-3594,France,New Marisa,99472
Laura Peters,michaelsmith@example.com,780.439.6920,Iceland,Gonzalezborough,91904
Michelle Barry,sergiowaters@example.com,001-993-364-,Guam,North Karen,09417
Clayton Mitchell,icross@example.org,730-559-7124,Denmark,Lambertborough,12485
Ann Smith,oliviamitchell@example.com,001-942-801-,Burkina Faso,West Jasmine,94847
Steven Hughes,christopher68@example.com,933.917.5229,New Caledonia,Jeffreyfurt,11223
Bryan Medina,coxross@example.com,001-907-287-,Eritrea,Brettton,98935
Robert Donaldson,nicholas61@example.com,001-544-514-,Finland,Juanville,81942
Dorothy Gomez,max05@example.net,+1-330-801-1,Jersey,Lake Matthew,15577
Marcia Davis,megan83@example.org,001-782-224-,Northern Mariana Islands,East Crystalton,63862
Erica Wright,rcallahan@example.net,001-694-716-,Timor-Leste,North Brian,78561
Heather Cox,garciajesse@example.org,+1-921-474-2,Germany,Brownmouth,57693
Derek Powers,chavezdarren@example.com,(403)263-515,Philippines,Jonathanburgh,94482
Marcia Beard,barbarabrown@example.com,426.990.0227,Kyrgyz Republic,New Jerryton,34115
Jon Hanson,travistaylor@example.net,253.324.5401,Falkland Islands (Malvinas),Dyerstad,71351
Nathaniel Rosales,amanda93@example.com,(847)961-877,United Arab Emirates,Lake Ericahaven,28690
Denise Cobb,michaelvillarreal@example.com,+1-492-980-7,United Kingdom,Richardbury,40593
Nicole Jackson,dgillespie@example.org,001-913-527-,Saint Lucia,South Lisa,59869
Betty Mcclain,shooper@example.org,994-461-8780,Netherlands,North Nicholasburgh,69770
Patricia Reed,jessicamarshall@example.org,855-566-2642,Guatemala,Rogersside,10065
Edward Evans,thompsondawn@example.org,356.510.5810,Montserrat,Port Sharonside,86541
Sydney Cox,gabriel16@example.net,365.540.4143,Equatorial Guinea,Lake Megan,68021
Crystal Curtis,torrespaul@example.com,961-999-3758,Guinea-Bissau,Lake Dianetown,30634
Anna Hall,jeremy21@example.com,997-201-5955,San Marino,East Jessicafort,71146
John Cantrell,walkerray@example.net,513-694-8532,Brunei Darussalam,Haneyland,02937
George Cannon,goodjulie@example.com,736-788-4392,Hungary,Robertburgh,11186
Beth Cherry,jjennings@example.net,782.493.3243,Libyan Arab Jamahiriya,South Elizabethstad,51464
Stacy Kim,angela11@example.org,6262843154,Tunisia,Rodriguezshire,51453
Megan Schneider,mholland@example.net,3824667137,Mauritius,Waltersmouth,37622
Tammy Reyes,martinezgeorge@example.com,420-973-8905,Estonia,West Kaitlyn,41579
Mark Smith,ashleyspencer@example.org,302.988.9139,Congo,West Matthew,71500
Katelyn Mitchell,ybarnes@example.org,001-878-957-,El Salvador,South Samanthaburgh,09663
Nathaniel Jacobson,bryanandrade@example.net,+1-434-497-7,Lesotho,East Tiffany,36700
Jamie Hill,jackhayes@example.com,786.754.1775,Gibraltar,Sawyertown,13107
Haley Lowery,gwatts@example.com,(417)970-910,Poland,East Jose,02227
Troy Serrano,sharonvelasquez@example.org,(218)845-800,Bosnia and Herzegovina,New Haley,72072
Gina Martinez,owalsh@example.net,(787)363-758,Bermuda,Nicholemouth,25896
Jordan Dorsey,nicholasmartinez@example.org,+1-769-919-2,Uganda,West Amandastad,93291
Andrew Sutton,danielsimpson@example.com,+1-758-547-5,Cape Verde,Millerview,04039
Tommy Chung,amartin@example.com,(885)991-119,Netherlands,North Ian,03370
Jason Brown,huangray@example.com,001-627-326-,Spain,New Josephburgh,32482
Jennifer Mcdonald,newmancharles@example.org,326-875-3625,Peru,Port Jacobside,34953
Gabriel Murillo,fzamora@example.com,001-699-403-,Mongolia,North Natalie,00833
Brenda Gonzalez,robertsdonald@example.com,(906)585-401,Greenland,Marioport,36197
Bruce Adkins,kwilson@example.com,250.758.4055,Heard Island and McDonald Islands,New Samuel,65226
Jake Hernandez,johnathanholland@example.net,405.770.7799,Estonia,Robertsport,50360
Jeremy Jackson,jamesmorales@example.com,+1-220-666-3,Bahrain,Raymondville,99825
Patrick Farmer,stacy48@example.net,479.428.5846,Guam,South Kristinashire,45423
Scott Burgess,wwilliams@example.org,001-527-836-,Egypt,Sotohaven,64115
Jason Terrell,brandondaugherty@example.org,405.513.8308,Guernsey,Masonville,51201
James Benton,projas@example.net,318-422-3002,Mali,Lewiston,23477
Randy Fritz,cruzsean@example.com,866-842-8972,Syrian Arab Republic,Port Jason,14273
Dawn Peterson,vazquezcharles@example.com,+1-259-448-4,Brazil,East Kennethborough,98482
Tammy Parker,laurawalker@example.com,+1-704-768-1,Brunei Darussalam,West Gracestad,89193
Daniel Ruiz,karen82@example.net,434.393.3383,Iceland,Delgadoshire,45119
Ernest Baxter,michelle00@example.org,+1-693-612-2,Saint Pierre and Miquelon,North Cynthiabury,62620
Laura Mooney,lindawhite@example.org,001-390-457-,Christmas Island,Lake Diana,50664
Miguel Pitts,imartin@example.org,001-421-983-,Switzerland,Joneshaven,78802
Michael Murray,pauljohn@example.com,848.934.0480,American Samoa,Hollyborough,42393
Tracey Peters,coxrandall@example.org,(234)898-416,Sao Tome and Principe,Leeborough,45922
Mario Brown,nicholasdavis@example.org,927-488-2064,Angola,Michellebury,51075
Ann Carter,preyes@example.net,612-201-4636,Uruguay,Lake Janiceville,06259
Marilyn Tran,riddleryan@example.net,001-923-470-,British Virgin Islands,Geraldville,31691
Dennis Frank,alisonbrown@example.com,(616)786-633,Hong Kong,Dariusborough,55807
Debbie Kline,ijohnson@example.net,883-503-3659,Liechtenstein,Brandonton,92209
Jamie Burke,lori57@example.org,582-345-4154,Saudi Arabia,Lake Feliciafort,94584
Dr. Shelly Kelly PhD,harveyelijah@example.com,8386842656,Turkmenistan,Miguelchester,37691
Cynthia Chapman,benjaminmason@example.org,(605)533-403,Ireland,Powersside,01128
Jamie Reid,jennifer59@example.net,873-776-6238,Botswana,South Jenniferview,95907
Linda Mccormick,cindy88@example.org,763.356.1773,Jamaica,Wilsonstad,78978
Willie Brown MD,matthewsstacy@example.org,522-752-0211,French Guiana,South Jennifer,27627
John Webb,estradakatrina@example.net,(752)489-324,Russian Federation,New Gregory,93690
William Barker,smallhannah@example.net,(917)867-820,Lithuania,Martinton,37088
Misty Simpson,ioneal@example.net,001-996-716-,Spain,Whiteton,58481
Christopher Woods,scott98@example.com,398.375.4869,Cyprus,Danielleburgh,43541
Brian Miller,lnelson@example.net,(254)565-443,Tonga,Lewisshire,40894
Larry Barton,pruittryan@example.net,388-490-8223,Sudan,West Susan,92143
Jacob Contreras,mary31@example.com,+1-571-491-9,Oman,South Heather,74109
Marissa Mendez,harriswhitney@example.net,4903644447,Papua New Guinea,Cranefurt,21191
Karen Friedman,watsonwilliam@example.org,763-557-5257,Cape Verde,East Stephenmouth,45845
Michael Warren,lucerojessica@example.net,001-378-533-,Dominican Republic,South Christyfort,28521
Matthew Long,robert48@example.org,568.779.0058,Barbados,North Kristina,94271
Natasha Moran,mitchellscott@example.org,001-544-367-,Norfolk Island,Evansberg,43267
Richard Chavez PhD,dkirk@example.net,(605)454-390,Turkey,Lake Patrick,11761
Heather Bennett,robert43@example.org,(658)716-506,French Guiana,New Mark,32110
James Johnston,johndavis@example.net,001-427-682-,Martinique,Codyfurt,75843
Joy Ramirez,dperkins@example.net,875.825.7393,Serbia,North Shelia,52985
Charles Miller,chadwillis@example.net,8425640896,Togo,East Carlos,04402
Carl Montgomery,nicholas77@example.org,+1-821-507-0,Falkland Islands (Malvinas),Kevinshire,17116
Jason Rowe,joseph06@example.com,+1-512-817-7,Niue,Port Billy,34187
Brian Sims,aherring@example.org,537.773.0629,Cambodia,Charlesmouth,35990
Randall Williams,leerobert@example.net,985.418.5591,Armenia,Hillburgh,26073
Kathleen Rose,piercecindy@example.com,001-691-947-,United Arab Emirates,Lisahaven,55924
Vincent Knight,wjones@example.net,(272)231-554,Maldives,North Amberport,86406
Diana Lopez,johnholmes@example.org,+1-255-337-0,Sao Tome and Principe,Brownmouth,64831
Kevin Johnson,robertwebb@example.com,(811)430-199,Uruguay,Jeffreyton,43734
Brian Knight,lindseynguyen@example.com,627.507.3746,Slovenia,West Melissa,62108
Denise Blankenship,ysherman@example.net,+1-426-957-3,Malta,Johnhaven,07634
John Cochran,danielharris@example.org,(287)367-576,Kiribati,Moodymouth,79584
Laura Singh,vvargas@example.net,323-569-3648,Nepal,West Mason,13539
Madison Velazquez,fwatson@example.com,001-719-399-,Tunisia,East Samantha,31641
Benjamin Bennett,alexander01@example.net,001-835-819-,Guadeloupe,Lake Daniel,79735
Roger Owens,thomasrhonda@example.net,001-248-844-,Kuwait,Travisbury,27701
Hunter Smith,yhaas@example.com,001-288-529-,Saint Barthelemy,West Jameschester,68353
Monica Clark,valdezjill@example.net,001-806-990-,Iraq,Walterstad,34891
Kevin Mercado,james36@example.net,001-848-752-,Ghana,Mckinneyport,16612
Melanie Dixon,tbaldwin@example.org,001-779-664-,Serbia,Gregoryfurt,87388
David Woods,trujillonathaniel@example.com,(824)997-021,Barbados,Port Tina,41794
Pamela West,mrivera@example.net,462.833.6218,Ethiopia,West Jennifertown,42834
Melissa Rodriguez PhD,carpentersamantha@example.org,356-976-7282,Qatar,Port Monique,14941
Chase Fitzgerald,michaelsmith@example.net,+1-320-941-8,India,Nixonfurt,23912
Erica Hicks,mckeekurt@example.com,+1-718-987-0,Christmas Island,New Jessica,04150
Linda Davidson,perry60@example.com,5262106941,New Zealand,North Maria,14190
Christopher Diaz,fernando84@example.org,5548903691,Singapore,New William,80754
Aaron Flowers,dsawyer@example.net,(493)982-242,Montserrat,Port Ryanborough,96381
Theresa Hanson,kmayo@example.org,001-230-736-,Bosnia and Herzegovina,Angelamouth,66119
William Banks,sandra81@example.net,(986)629-791,Nepal,Singhchester,42836
Charles Wilson,ecoffey@example.net,243.921.7198,Czech Republic,Bakerfort,02204
Cory Ballard,robinburns@example.com,314.975.8648,Micronesia,Osbornstad,24100
Glenn Clark DDS,victor99@example.org,698-588-8624,Iceland,Edwardburgh,54099
Jessica Williams,hayesmegan@example.net,+1-508-907-9,Norway,South Adam,72759
Kevin Thompson,hannah34@example.com,001-746-443-,Togo,Scottmouth,74820
Luis Phillips,taylorjohn@example.org,508.665.9406,Bangladesh,Osborneburgh,04883
Samantha Hoffman,dwashington@example.net,001-265-519-,Uzbekistan,Parkmouth,56172
Ashley Ellis,jasonhendricks@example.org,(797)475-443,Bosnia and Herzegovina,Morrismouth,05724
Alyssa Carson,andersonmichael@example.org,(833)408-409,Cote d'Ivoire,Jenniferburgh,90317
Derek Ali,carlsanchez@example.net,224.495.6342,South Georgia and the South Sandwich Islands,Port Stevenburgh,25293
Bryce Taylor,rberg@example.org,(495)382-694,North Macedonia,Port Ashley,28933
Matthew Johnson,brianhall@example.net,671-265-5008,Mongolia,Jacksonside,80084
Jeremy Washington,mullinseric@example.org,+1-241-582-9,Samoa,Ashleymouth,82747
Madison Henry,melanieweaver@example.com,+1-293-620-4,Lebanon,Lake Johnathanside,86766
Shawn Velazquez,ashleymoore@example.org,475.746.6384,Djibouti,New Karen,12477
Terry Carter,millersusan@example.net,815-691-5991,Sudan,Palmermouth,06549
Randy Nichols,shawalicia@example.com,9178733288,Cote d'Ivoire,West Jamesmouth,34151
Vickie Clarke,ymoore@example.org,886.608.4704,Burundi,New Samanthashire,58226
Amy Gomez,hjohnson@example.org,240.964.8114,Australia,New Donna,82687
Ryan Crosby,gardnerjennifer@example.com,+1-381-207-6,Belarus,New Alexismouth,66114
Erin Hooper,judyhall@example.org,001-605-596-,Romania,Larryberg,27103
Harold Green,nelsonjessica@example.org,+1-800-444-8,Russian Federation,New Michael,54497
Dustin Bush,nicoledaniel@example.org,5359206059,Brunei Darussalam,Lindseyborough,77156
William Stewart,tgarcia@example.net,+1-871-265-1,Andorra,Powellfort,78686
John Baker,stevenhobbs@example.com,(273)536-483,United States of America,East Sean,00567
Dawn Griffin,vevans@example.com,523-477-9892,Anguilla,Gentrystad,16212
Dustin Faulkner,george26@example.com,4725711459,Monaco,Lake Jenniferfurt,50594
Brandon Garcia,ytorres@example.org,8096093551,Burundi,Whiteport,67785
Christy Lambert,spugh@example.org,(935)609-831,Tanzania,New Patriciaview,93492
Kevin Kennedy,jonathan26@example.org,001-641-591-,Morocco,Matthewside,68408
Michael Barrett,christyramos@example.org,761.229.1160,Guadeloupe,South Lisa,72611
Alexander Morgan,wrightwendy@example.org,(204)960-393,Netherlands Antilles,Mosshaven,83144
Julie Castro,howardjuarez@example.com,7222309657,Timor-Leste,Vanessaport,38198
Jennifer Ferguson,hannahyoung@example.org,514-721-8936,Jersey,Davidfort,21943
John Ward,stephensonnathaniel@example.net,001-994-656-,Mauritius,New Rachel,94073
Shannon Lawrence,gerald90@example.net,340-705-9370,Thailand,West Jessicastad,39433
Michelle Grimes,amandawyatt@example.net,(266)851-013,Guyana,New Jessica,15747
Victoria Anderson,cookanna@example.net,(893)201-670,Ireland,Campbellstad,43049
Marvin King,brandy91@example.net,584-949-5521,Mozambique,West Robertside,47849
Sonia Morgan,josephpatel@example.org,(601)828-138,Bolivia,South Valeriehaven,25851
Cody Scott,johnsonsharon@example.com,+1-235-554-6,Switzerland,South Sharon,56222
Michael Anderson,johngibson@example.net,+1-918-743-4,Uzbekistan,Lake Corey,81669
Elijah Martin,brendamiddleton@example.net,226-937-1197,Bangladesh,Lake Robertoshire,94091
Julie Anderson,qshelton@example.com,+1-333-282-2,Central African Republic,Mariahaven,66590
Sandra Jacobs,malloryshaw@example.org,300.862.2051,United States Minor Outlying Islands,West Timothy,39127
Ronald James,codybrown@example.org,575-917-2894,Israel,Lake Michelleberg,70181
Stacey Long,renee20@example.org,628.397.7492,Bhutan,South Aaronstad,57418
Christine Stone,williamsanders@example.net,+1-683-639-2,French Polynesia,Adamton,88500
Matthew Vasquez,enewman@example.org,705-267-7316,El Salvador,East Teresaberg,31527
Alexis Hayes,mhorton@example.org,7533427562,Tunisia,Thomasfurt,34465
Jacob Welch,murillodarrell@example.com,(514)679-285,New Caledonia,North Tamara,35727
Robert Johnson,amybrown@example.com,+1-422-373-8,Korea,West Sabrinafort,83758
Patricia Bishop,nathanielmitchell@example.org,679-992-3285,Nepal,Wilsonmouth,37170
Christopher Wilkins,richardsonjermaine@example.org,001-986-875-,Spain,Sandraland,97675
Christina Dalton,mannscott@example.com,001-388-813-,Brazil,New Sara,96898
Diana Cox,hjohnson@example.com,(955)823-064,Czech Republic,West Richard,16998
Michelle Lopez,lesterjoseph@example.org,557.695.9138,Congo,South Justinhaven,98535
Robert Harris,russellhoffman@example.net,(723)955-736,Belarus,Stoneport,15125
Mackenzie Livingston,rrobles@example.org,+1-688-743-0,Turks and Caicos Islands,West Oliviaview,51509
Christopher Miller,kimjacobs@example.net,205.213.1587,Saint Lucia,New Reneefurt,60665
Christian Smith Jr.,barnettalbert@example.org,001-412-626-,Oman,Toddburgh,53106
Daniel Ho III,christopher37@example.net,567.931.4295,Congo,East Gloriafort,04149
Daniel Braun,jared42@example.net,215-475-6592,Greece,South Richard,81818
Brandon Lee,charlesjimenez@example.net,001-908-523-,Venezuela,Sarahton,06804
Zachary Weeks,zachary39@example.com,001-492-762-,Cape Verde,Nathanielberg,60115
Ryan Jackson,hoodmelissa@example.org,677-924-9854,Nigeria,North Julieview,74629
Brett Wagner,mliu@example.net,(763)555-579,Moldova,Jacquelineton,24158
Jeremiah Lin,jeremyscott@example.net,453.799.0610,Gibraltar,South Mercedeshaven,23565
Derek Morris,brian28@example.com,001-480-717-,Niue,New Jacobville,23091
Jennifer Welch,tracycarter@example.org,675-501-3841,Kiribati,Jordantown,63749
Lisa Butler,stran@example.org,751.230.4851,Togo,West Heather,07608
Christopher Smith,npowers@example.net,(816)915-018,Macao,Port Allen,60716
Brian Hawkins,dorisowen@example.com,(803)355-916,Guam,Catherinechester,58932
Shannon Glover,dhuber@example.org,(417)598-021,Saint Helena,Adkinsburgh,91657
Robert Keller,vmay@example.net,001-726-991-,Israel,New Joshuaberg,87106
Andrea Hernandez,sburton@example.net,(723)369-800,American Samoa,East Michelle,66252
Diane Fischer,burnsdavid@example.com,941.433.0653,Central African Republic,Kristinabury,73513
David Nixon,andrewhall@example.net,841.267.2335,Saint Lucia,Lewisberg,44988
Patricia Roberts,escobarrichard@example.com,(720)746-338,Belize,Popeside,71874
Angela Hernandez,sanchezmichael@example.net,947-305-3650,Romania,Coxland,64998
Lawrence Davis,david03@example.net,827-394-7160,Svalbard & Jan Mayen Islands,Rachelmouth,78112
Melissa Sanders,meghan16@example.com,+1-568-722-3,Belgium,West Shannon,51152
Dr. Victor Bell,bparker@example.org,9882169877,Bahrain,Griffinview,91960
John Davis,lray@example.net,001-491-767-,Denmark,New Sabrinaberg,25963
James Martin,copelandjonathan@example.net,(331)733-190,Tokelau,South Thomasbury,03390
Brittany Best,stewartnicholas@example.com,549-962-6378,Netherlands,Elizabethtown,36244
Laurie Newton,harellano@example.net,+1-868-757-2,South Africa,Josephside,88337
Andrew Robinson,taylorjessica@example.net,(827)681-341,Gambia,Lake Melissachester,93892
Mr. Steven Morrison,trobinson@example.com,746.285.5484,Kazakhstan,South Lori,17283
Brianna Morgan,ftrevino@example.org,7395487126,Vanuatu,Walkermouth,23279
Eileen Williams,masonchristopher@example.org,831.520.1679,New Zealand,New Alexandra,60119
Tyler Rosales,dustin90@example.com,001-604-728-,Costa Rica,West Tammy,85471
Rick Payne,sarah40@example.net,+1-408-705-4,Holy See (Vatican City State),North Shannon,42325
Tiffany Swanson,sabrinanguyen@example.com,+1-314-797-7,South Georgia and the South Sandwich Islands,Taylorton,94506
Ellen White,nicole46@example.net,667-285-9790,Bermuda,East Kelly,98762
Anthony Haney,keithhawkins@example.org,+1-365-647-9,Honduras,Johnside,78193
Roger Jones,acostajennifer@example.com,(267)831-381,Portugal,South Summer,08883
Heather Gutierrez,brownerin@example.net,(773)594-641,Saint Martin,Christopherland,14137
Heather Hoffman,richard46@example.org,378-352-0695,Mauritania,Martinezville,99770
Edwin Chavez,lauraenglish@example.org,(286)807-695,Turks and Caicos Islands,Serranotown,01410
Sarah Hinton,rwalls@example.com,500-971-1940,South Georgia and the South Sandwich Islands,West Aprilchester,58865
Jennifer Duran,sdean@example.net,707-883-5686,Comoros,South David,62713
Tonya Mora,jyork@example.com,(631)250-797,Colombia,Nicoleberg,95455
Evan Mitchell,cory31@example.net,001-646-355-,Qatar,Corychester,37251
Danielle Williams,jill42@example.com,(924)240-045,Antigua and Barbuda,Cherylhaven,66570
Tony Campbell,riosstephen@example.com,(797)376-043,Mongolia,Paulfurt,50017
Joel Wagner,walter28@example.org,992-589-4368,Japan,Port Danielton,92305
Martha Jones,hhughes@example.com,+1-711-795-9,Guernsey,Dunnfurt,71707
Miranda Cabrera,susanjohnson@example.org,788-909-3435,Maldives,Morrisonshire,87927
April Figueroa,jtran@example.org,(821)931-650,Argentina,Bellland,76119
Jonathan Moore,guerrerostephanie@example.net,(454)517-034,United Kingdom,Matthewborough,03392
Marvin Clements,lewiskaren@example.com,797.819.0071,Mauritania,Wilsonchester,47863
Jesus Sanchez,dramirez@example.org,(854)478-778,Turkey,Port Williamside,07671
David Russell,tonya08@example.org,+1-235-456-9,Bahamas,Elainefurt,90106
Laurie Burke,laurenmyers@example.com,(389)840-653,Chad,Thompsonmouth,24500
Joseph Jones,eallen@example.net,001-277-964-,Saudi Arabia,Kimberlyborough,02365
Amber Castillo,oanderson@example.org,(640)672-460,Nicaragua,Dillontown,93212
Amber Ramirez,garciamary@example.com,+1-708-710-3,New Zealand,Lake Pamela,08261
Trevor Young,ericaspencer@example.org,(436)851-165,Pakistan,Lake Juanstad,07233
Keith Smith,blackmargaret@example.net,668-268-7763,Slovakia (Slovak Republic),North Mary,79503
Mary Duncan,samantha41@example.org,500.373.3161,Bulgaria,Alvaradoshire,13308
Lindsey Holmes,wmartinez@example.com,(217)728-864,Sweden,New Heather,83009
Jordan Murphy,morrisonstephanie@example.com,(898)501-652,Guinea-Bissau,Michelleside,78118
Megan Clark,benjamin50@example.com,(600)294-595,Greece,North Bradley,18760
Gary Meyer,yprice@example.com,(852)221-828,Iran,North Larry,75379
Amanda Ramos,dvaldez@example.org,637-207-1972,Costa Rica,Kevinton,15331
Dr. Thomas Blankenship,meghanwall@example.com,5087188389,Rwanda,Davidside,57075
Carla Case,patriciaarmstrong@example.org,001-225-315-,American Samoa,New Donnaton,85751
Ian Le,derekmoran@example.org,(310)293-548,Libyan Arab Jamahiriya,Herreraville,27073
Kathryn Barrett,lancehill@example.org,860-901-8332,Burkina Faso,Karenmouth,00518
Andrew Payne,ncrawford@example.com,+1-913-561-8,Marshall Islands,Pennyborough,98750
Valerie Jimenez,donaldspears@example.org,8019929700,Morocco,West Wendy,60962
Robert Griffin,kyle20@example.org,861.396.2361,China,Lake Amandaberg,04680
Adam Parrish,garciacaroline@example.org,001-928-507-,Saint Helena,New Cherylside,49481
James Meza,alexishunter@example.com,(498)925-596,Bangladesh,Lake Sarahton,62887
Kathleen Lopez,kingmichael@example.com,798-605-3647,Mongolia,North Brian,06469
Gabriella Hinton,zsmith@example.net,(484)564-404,Guam,Port Caitlin,32776
Brittany Estrada,gvega@example.net,001-327-419-,Cuba,Johnsontown,61451
Rodney Moore,nancy81@example.com,(621)346-643,Saint Barthelemy,West Matthew,74217
Angel Smith,joshuarogers@example.org,(952)440-179,Andorra,Port Heather,99630
John Hughes,williamsashley@example.com,908-636-2139,Norway,West Shawnland,60503
Kim Hodges,bmorse@example.com,737-250-3625,Greenland,Jayfurt,32533
Tracy Rivera,wareeric@example.org,680-245-4268,Nepal,Washingtonmouth,08777
Mark Myers,seanhays@example.net,001-531-403-,Martinique,North Thomas,75277
Desiree Schultz,catherine90@example.com,(604)644-011,Guadeloupe,Thomasport,19308
Michael Holmes,dhammond@example.org,266.444.1261,Ghana,Samanthaport,76359
Karen Walton,rachel98@example.net,001-897-524-,United States Virgin Islands,Port Jamesville,83391
Andrew Mitchell,uwashington@example.com,385-854-8368,Thailand,South Jesse,91885
William Rodriguez,lee19@example.net,592.796.3673,Argentina,Port Nicolemouth,34248
Ashley Stevens,rileyphilip@example.com,890.453.9671,France,Contrerasview,11813
Stephen Russell,colejohn@example.org,315.523.9911,French Guiana,New Andrew,82496
Laura Thompson,bradley81@example.com,+1-594-212-9,Saudi Arabia,Port Robert,62286
Erica Cruz,tanner37@example.com,(645)336-909,Israel,Lake Ritaport,18420
Nicholas Copeland,estesbrandon@example.org,(659)640-146,Thailand,West Joelchester,65326
Richard Rodriguez,amber28@example.net,+1-328-225-6,Israel,Margaretview,35756
Kimberly Moran,vanderson@example.com,932.463.9756,Zambia,Warrenland,13549
Beth Cunningham MD,fcarter@example.org,(771)281-947,Syrian Arab Republic,Andersonmouth,28085
Christian Huang,esimpson@example.org,(765)718-294,Moldova,East Roberthaven,42253
Jennifer Arnold,urobbins@example.net,001-475-850-,Finland,Lake Markland,85730
Tonya Sanders,kayleebush@example.org,001-866-922-,Brazil,Leonburgh,05490
Mary Salinas,gfleming@example.net,+1-326-882-4,Nigeria,Combsfurt,59527
Marcus Mitchell,josephanderson@example.com,408-525-7450,Maldives,Port Kevintown,44056
Jennifer Hunt,xcannon@example.org,001-455-431-,Guadeloupe,Port Randy,95746
Jessica Hunt,vosborn@example.org,001-677-946-,Dominican Republic,East Jasontown,92220
Rachel Deleon,stevenward@example.org,001-278-441-,Mexico,Mariafort,48549
Matthew Rodriguez,larakimberly@example.org,(914)752-755,Gambia,Charleston,13877
Jessica Bennett,jacobsalazar@example.org,672-247-4884,Qatar,Moonbury,40334
Robert Parks,ptravis@example.com,989.686.1713,Brazil,Murrayside,07370
John Carr,luisblair@example.com,001-382-222-,Iraq,Hawkinsview,40359
Abigail Benson,joan94@example.net,(645)923-708,Iceland,Port Vanessa,35083
Andrea Allen,raymondcampbell@example.org,821-696-1612,Morocco,West Dylanstad,99842
Jennifer Burton,robert27@example.net,2894792546,Palau,Karaville,97519
